[
    {
        "id": 1,
        "category": "digital",
        "name": "Serie La playa: Ballena austral",
        "description": "Ilustración y collage digital. Full color.",
        "info": "Esta ilustración forma parte de la serie 'La Playa', desarrollada en 2019 e inspirada en la costa de Ecuador y Perú.",
        "size": "A4, A3 o a convenir",
        "date": 2020,
        "destacado": false,
        "imageHome": "/img/digital/home/BALLENA.jpg",
        "imageSumario": "/img/digital/sumario/BALLENA.jpg",
        "images": ["/img/digital/ficha/BALLENA1.jpg", "/img/digital/ficha/BALLENA2.jpg"]
    },
    {
        "id": 2,
        "category": "digital",
        "name": "Serie Ecosistemas: El bosque",
        "description": "Ilustración digital realizada con procreate. Full color.",
        "info": "Esta ilustración forma parte de la serie 'Ecosistemas', desarrollada en 2020.",
        "size": "A4, A3 o a convenir",
        "date": 2020,
        "destacado": false,
        "imageHome": "/img/digital/home/BOSQUE.jpg",
        "imageSumario": "/img/digital/sumario/BOSQUE.jpg",
        "images": ["/img/digital/ficha/BOSQUE1.jpg", "/img/digital/ficha/BOSQUE2.jpg", "/img/digital/ficha/BOSQUE3.jpg"]
    },
    {
        "id": 3,
        "category": "digital",
        "name": "Serie La playa: El camarón",
        "description": "Ilustración y collage digital. Full color.",
        "info": "Esta ilustración forma parte de la serie 'La Playa', desarrollada en 2019 e inspirada en la costa de Ecuador y Perú.",
        "size": "A4, A3 o a convenir",
        "date": 2018,
        "destacado": false,
        "imageHome": "/img/digital/home/CAMARON.jpg",
        "imageSumario": "/img/digital/sumario/CAMARON.jpg",
        "images": ["/img/digital/ficha/CAMARON1.jpg", "/img/digital/ficha/CAMARON2.jpg"]
    },
    {
        "id": 4,
        "category": "digital",
        "name": "Serie Zodiac: Cancer",
        "description": "Ilustración digital realizada con procreate. Full color.",
        "info": "Esta ilustación forma parte de la serie 'Zodiac', desarrollada durante el año 2020 e inspirada en los 12 signos del zodíaco.",
        "size": "A4, A3 o a convenir",
        "date": 2020,
        "destacado": true,
        "imageHome": "/img/digital/home/CANCER.jpg",
        "imageSumario": "/img/digital/sumario/CANCER.jpg",
        "images": ["/img/digital/ficha/CANCER1.jpg", "/img/digital/ficha/CANCER2.jpg"]
    },
    {
        "id": 5,
        "category": "digital",
        "name": "Serie Ecosistemas: La ciudad",
        "description": "Ilustración digital realizada con procreate. Full color.",
        "info": "Esta ilustración forma parte de la serie 'Ecosistemas', desarrollada en 2020.",
        "size": "A4, A3 o a convenir",
        "date": 2020,
        "destacado": false,
        "imageHome": "/img/digital/home/CIUDAD.jpg",
        "imageSumario": "/img/digital/sumario/CIUDAD.jpg",
        "images": ["/img/digital/ficha/CIUDAD1.jpg", "/img/digital/ficha/CIUDAD2.jpg"]
    },
    {
        "id": 6,
        "category": "digital",
        "name": "Serie La playa: Corales",
        "description": "Ilustración y collage digital. Full color.",
        "info": "Esta ilustración forma parte de la serie 'La Playa', desarrollada en 2019 e inspirada en la costa de Ecuador y Perú.",
        "size": "A4, A3 o a convenir",
        "date": 2018,
        "destacado": false,
        "imageHome": "/img/digital/home/CORAL.jpg",
        "imageSumario": "/img/digital/sumario/CORAL.jpg",
        "images": ["/img/digital/ficha/CORAL1.jpg", "/img/digital/ficha/CORAL2.jpg"]
    },
    {
        "id": 7,
        "category": "digital",
        "name": "Serie Ecosistemas: El desierto",
        "description": "Ilustración digital realizada con procreate. Full color.",
        "info": "Esta ilustración forma parte de la serie 'Ecosistemas', desarrollada en 2020.",
        "size": "A4, A3 o a convenir",
        "date": 2020,
        "destacado": false,
        "imageHome": "/img/digital/home/DESIERTO.jpg",
        "imageSumario": "/img/digital/sumario/DESIERTO.jpg",
        "images": ["/img/digital/ficha/DESIERTO1.jpg", "/img/digital/ficha/DESIERTO2.jpg"]
    },
    {
        "id": 8,
        "category": "digital",
        "name": "Encuentro",
        "description": "Ilustración digital realizada con procreate. Full color.",
        "info": "",
        "size": "A4, A3 o a convenir",
        "date": 2017,
        "destacado": false,
        "imageHome": "/img/digital/home/ENCUENTRO_1.jpg",
        "imageSumario": "/img/digital/sumario/ENCUENTRO_1.jpg",
        "images": ["/img/digital/ficha/ENCUENTRO1.jpg", "/img/digital/ficha/ENCUENTRO2.jpg", "/img/digital/ficha/ENCUENTRO3.jpg"]
    },
    {
        "id": 9,
        "category": "digital",
        "name": "Serie Zodiac: Escorpio",
        "description": "Ilustración digital realizada con procreate. Full color.",
        "info": "Esta ilustación forma parte de la serie 'Zodiac', desarrollada durante el año 2020 e inspirada en los 12 signos del zodíaco.",
        "size": "A4, A3 o a convenir",
        "date": 2020,
        "destacado": true,
        "imageHome": "/img/digital/home/ESCORPIO.jpg",
        "imageSumario": "/img/digital/sumario/ESCORPIO.jpg",
        "images": ["/img/digital/ficha/ESCORPIO1.jpg", "/img/digital/ficha/ESCORPIO2.jpg"]
    },
    {
        "id": 10,
        "category": "digital",
        "name": "Serie Zodiac: Geminis",
        "description": "Ilustración digital realizada con procreate. Full color.",
        "info": "Esta ilustación forma parte de la serie 'Zodiac', desarrollada durante el año 2020 e inspirada en los 12 signos del zodíaco.",
        "size": "A4, A3 o a convenir",
        "date": 2020,
        "destacado": true,
        "imageHome": "/img/digital/home/GEMINIS.jpg",
        "imageSumario": "/img/digital/sumario/GEMINIS.jpg",
        "images": ["/img/digital/ficha/GEMINIS1.jpg", "/img/digital/ficha/GEMINIS2.jpg"]
    },
    {
        "id": 11,
        "category": "digital",
        "name": "La grulla",
        "description": "Ilustración y collage digital. Full color.",
        "info": "Esta ilustración gano el concurso 'Aves del sur' de la escuela argentina de ilustración Jose Sanabria en el año 2021.",
        "size": "A4, A3 o a convenir",
        "date": 2020,
        "destacado": false,
        "imageHome": "/img/digital/home/GRULLA.jpg",
        "imageSumario": "/img/digital/sumario/GRULLA.jpg",
        "images": ["/img/digital/ficha/GRULLA1.jpg", "/img/digital/ficha/GRULLA2.jpg"]
    },
    {
        "id": 12,
        "category": "digital",
        "name": "Serie La playa: Iguana",
        "description": "Ilustración y collage digital. Full color.",
        "info": "Esta ilustración forma parte de la serie 'La Playa', desarrollada en 2019 e inspirada en la costa de Ecuador y Perú.",
        "size": "A4, A3 o a convenir",
        "date": 2018,
        "destacado": false,
        "imageHome": "/img/digital/home/IGUANA.jpg",
        "imageSumario": "/img/digital/sumario/IGUANA.jpg",
        "images": ["/img/digital/ficha/IGUANA1.jpg", "/img/digital/ficha/IGUANA2.jpg"]
    },
    {
        "id": 13,
        "category": "digital",
        "name": "Serie Ecosistemas: La jungla",
        "description": "Ilustración digital realizada con procreate. Full color.",
        "info": "Esta ilustración forma parte de la serie 'Ecosistemas', desarrollada en 2020.",
        "size": "A4, A3 o a convenir",
        "date": 2020,
        "destacado": false,
        "imageHome": "/img/digital/home/JUNGLA.jpg",
        "imageSumario": "/img/digital/sumario/JUNGLA.jpg",
        "images": ["/img/digital/ficha/JUNGLA1.jpg", "/img/digital/ficha/JUNGLA2.jpg"]
    },
    {
        "id": 14,
        "category": "digital",
        "name": "Serie Zodiac: Leo",
        "description": "Ilustración digital realizada con procreate. Full color.",
        "info": "Esta ilustación forma parte de la serie 'Zodiac', desarrollada durante el año 2020 e inspirada en los 12 signos del zodíaco.",
        "size": "A4, A3 o a convenir",
        "date": 2020,
        "destacado": false,
        "imageHome": "/img/digital/home/LEO.jpg",
        "imageSumario": "/img/digital/sumario/LEO.jpg",
        "images": ["/img/digital/ficha/LEO1.jpg", "/img/digital/ficha/LEO2.jpg"]
    },
    {
        "id": 15,
        "category": "digital",
        "name": "Serie Ecosistemas: El manglar",
        "description": "Ilustración digital realizada con procreate. Full color.",
        "info": "Esta ilustración forma parte de la serie 'Ecosistemas', desarrollada en 2020.",
        "size": "A4, A3 o a convenir",
        "date": 2020,
        "destacado": false,
        "imageHome": "/img/digital/home/MANGLAR.jpg",
        "imageSumario": "/img/digital/sumario/MANGLAR.jpg",
        "images": ["/img/digital/ficha/MANGLAR1.jpg", "/img/digital/ficha/MANGLAR2.jpg"]
    },
    {
        "id": 16,
        "category": "digital",
        "name": "Serie Ecosistemas: El océano",
        "description": "Ilustración digital realizada con procreate. Full color.",
        "info": "Esta ilustración forma parte de la serie 'Ecosistemas', desarrollada en 2020.",
        "size": "A4, A3 o a convenir",
        "date": 2020,
        "destacado": true,
        "imageHome": "/img/digital/home/OCEANO.jpg",
        "imageSumario": "/img/digital/sumario/OCEANO.jpg",
        "images": ["/img/digital/ficha/OCEANO1.jpg", "/img/digital/ficha/OCEANO2.jpg", "/img/digital/ficha/OCEANO2.jpg"]
    },
    {
        "id": 17,
        "category": "digital",
        "name": "El ciclo, parte I",
        "description": "Ilustración y collage digital. Full color.",
        "info": "Esta ilustración fue inspirada en el texto 'Creación' de Bhajju Shyam y Gyta Wolf. ",
        "size": "A4, A3 o a convenir",
        "date": 2021,
        "destacado": true,
        "imageHome": "/img/digital/home/OSOS.jpg",
        "imageSumario": "/img/digital/sumario/OSOS.jpg",
        "images": ["/img/digital/ficha/OSOS1.jpg", "/img/digital/ficha/OSOS2.jpg", "/img/digital/ficha/OSOS3.jpg"]
    }, 
    {
        "id": 18,
        "category": "digital",
        "name": "El ciclo, parte 2",
        "description": "Ilustración y collage digital. Full color.",
        "info": "Esta ilustración fue inspirada en el texto 'Creación' de Bhajju Shyam y Gyta Wolf.",
        "size": "A4, A3 o a convenir",
        "date": 2021,
        "destacado": false,
        "imageHome": "/img/digital/home/OSOS2.jpg",
        "imageSumario": "/img/digital/sumario/OSOS2.jpg",
        "images": ["/img/digital/ficha/OSOS2_1.jpg", "/img/digital/ficha/OSOS2_2.jpg", "/img/digital/ficha/OSOS2_3.jpg"]
    },
    {
        "id": 19,
        "category": "digital",
        "name": "Serie La playa: Peces",
        "description": "Ilustración y collage digital. Full color.",
        "info": "Esta ilustración forma parte de la serie 'La Playa', desarrollada en 2019 e inspirada en la costa de Ecuador y Perú.",
        "size": "A4, A3 o a convenir",
        "date": 2018,
        "destacado": false,
        "imageHome": "/img/digital/home/PECES.jpg",
        "imageSumario": "/img/digital/sumario/PECES.jpg",
        "images": ["/img/digital/ficha/PECES1.jpg", "/img/digital/ficha/PECES2.jpg"]
    }, 
    {
        "id": 20,
        "category": "digital",
        "name": "Serie La playa: El piquero azul",
        "description": "Ilustración y collage digital. Full color.",
        "info": "Esta ilustración forma parte de la serie 'La Playa', desarrollada en 2019 e inspirada en la costa de Ecuador y Perú.",
        "size": "A4, A3 o a convenir",
        "date": 2019,
        "destacado": false,
        "imageHome": "/img/digital/home/PIQUERO.jpg",
        "imageSumario": "/img/digital/sumario/PIQUERO.jpg",
        "images": ["/img/digital/ficha/PIQUERO1_1.jpg", "/img/digital/ficha/PIQUERO1_2.jpg"]
    }, 
    {
        "id": 21,
        "category": "digital",
        "name": "Serie La playa: Isla de la Plata",
        "description": "Ilustración y collage digital. Full color.",
        "info": "Esta ilustración forma parte de la serie 'La Playa', desarrollada en 2019 e inspirada en la costa de Ecuador y Perú.",
        "size": "A4, A3 o a convenir",
        "date": 2019,
        "destacado": true,
        "imageHome": "/img/digital/home/PIQUERO2.jpg",
        "imageSumario": "/img/digital/sumario/PIQUERO2.jpg",
        "images": ["/img/digital/ficha/PIQUERO2_1.jpg", "/img/digital/ficha/PIQUERO2_1.jpg"]
    },
    {
        "id": 22,
        "category": "digital",
        "name": "Serie Zodiac: Piscis",
        "description": "Ilustración digital realizada con procreate. Full color.",
        "info": "Esta ilustación forma parte de la serie 'Zodiac', desarrollada durante el año 2020 e inspirada en los 12 signos del zodíaco.",
        "size": "A4, A3 o a convenir",
        "date": 2020,
        "destacado": false,
        "imageHome": "/img/digital/home/PISCIS.jpg",
        "imageSumario": "/img/digital/sumario/PISCIS.jpg",
        "images": ["/img/digital/ficha/PISCIS1.jpg", "/img/digital/ficha/PISCIS2.jpg"]
    }, 
    {
        "id": 23,
        "category": "digital",
        "name": "Serie La playa: La playa",
        "description": "Ilustración y collage digital. Full color.",
        "info": "Esta ilustración forma parte de la serie 'La Playa', desarrollada en 2019 e inspirada en la costa de Ecuador y Perú.",
        "size": "A4, A3 o a convenir",
        "date": 2019,
        "destacado": false,
        "imageHome": "/img/digital/home/PLAYA.jpg",
        "imageSumario": "/img/digital/sumario/PLAYA.jpg",
        "images": ["/img/digital/ficha/PLAYA1.jpg", "/img/digital/ficha/PLAYA2.jpg"]
    },
    {
        "id": 24,
        "category": "digital",
        "name": "Print is not dead",
        "description": "Ilustración digital realizada con procreate. Full color.",
        "info": "#printisnotdead",
        "size": "A4, A3 o a convenir",
        "date": 2020,
        "destacado": false,
        "imageHome": "/img/digital/home/PRINT.jpg",
        "imageSumario": "/img/digital/sumario/PRINT.jpg",
        "images": ["/img/digital/ficha/PRINT.jpg"]
    }, 
    {
        "id": 25,
        "category": "digital",
        "name": "Serie Zodiac: Tauro",
        "description": "Ilustración digital realizada con procreate. Full color.",
        "info": "Esta ilustación forma parte de la serie 'Zodiac', desarrollada durante el año 2020 e inspirada en los 12 signos del zodíaco.",
        "size": "A4, A3 o a convenir",
        "date": 2020,
        "destacado": false,
        "imageHome": "/img/digital/home/TAURO.jpg",
        "imageSumario": "/img/digital/sumario/TAURO.jpg",
        "images": ["/img/digital/ficha/TAURO1.jpg", "/img/digital/ficha/TAURO2.jpg"]
    }, 
    {
        "id": 26,
        "category": "textil",
        "name": "Serie Bacalar: 1",
        "description": "Tapiz estampado a 3 colores.",
        "info": "Cada tapiz esta estampado a mano mediante la técnica de grabado. Cada estampa proviene de un taco de madera o linóleo previamente tallado a mano. Este taco es luego entintado y pasado por una prensa de grabado que genera la presión suficiente para que se imprima la imagen sobre la tela. El proceso es enteramente artesanal y es por eso que cada tapiz es único e irrepetible. El textil utilizado es la tela 'cabeza de toro', una lona cruda y pesada. Se recomienda lavar a mano para mantener los colores por más tiempo. ",
        "size": "50x40cm",
        "date": 2021,
        "destacado": true,
        "imageHome": "/img/textil/home/BACALAR1.jpg",
        "imageSumario": "/img/textil/sumario/BACALAR1.jpg",
        "images": ["/img/digital/ficha/BACALAR1.jpg"]
    }, 
    {
        "id": 27,
        "category": "textil",
        "name": "Calacas",
        "description": "Tapiz estampado a mano.",
        "info": "Cada tapiz esta estampado a mano mediante la técnica de grabado. Cada estampa proviene de un taco de madera o linóleo previamente tallado a mano. Este taco es luego entintado y pasado por una prensa de grabado que genera la presión suficiente para que se imprima la imagen sobre la tela. El proceso es enteramente artesanal y es por eso que cada tapiz es único e irrepetible. ",
        "size": "A convenir. Esta estampa puede ser replicada a cualquier tamaño, así que podés decirnos vos cual es tu medida ideal.",
        "date": 2021,
        "destacado": true,
        "imageHome": "/img/textil/home/CALACA.jpg",
        "imageSumario": "/img/textil/sumario/CALACA.jpg",
        "images": ["/img/textil/ficha/CALACA.jpg"]
    }, 
    {
        "id": 28,
        "category": "textil",
        "name": "Serie Mahahual: 1",
        "description": "Tapiz estampado a 3 colores.",
        "info": "Cada tapiz esta estampado a mano mediante la técnica de grabado. Cada estampa proviene de un taco de madera o linóleo previamente tallado a mano. Este taco es luego entintado y pasado por una prensa de grabado que genera la presión suficiente para que se imprima la imagen sobre la tela. El proceso es enteramente artesanal y es por eso que cada tapiz es único e irrepetible. El textil utilizado es la tela 'cabeza de toro', una lona cruda y pesada. Se recomienda lavar a mano para mantener los colores por más tiempo. ",
        "size": "48x41cm",
        "date": 2021,
        "destacado": true,
        "imageHome": "/img/textil/home/MAHAHUAL1.jpg",
        "imageSumario": "/img/textil/sumario/MAHAHUAL1.jpg",
        "images": ["/img/textil/ficha/MAHAHUAL1.jpg"]
    }, 
    {
        "id": 29,
        "category": "textil",
        "name": "Máscaras del folclore latinoamericano",
        "description": "Tapiz estampado a mano.",
        "info": "Cada tapiz esta estampado a mano mediante la técnica de grabado. Cada estampa proviene de un taco de madera o linóleo previamente tallado a mano. Este taco es luego entintado y pasado por una prensa de grabado que genera la presión suficiente para que se imprima la imagen sobre la tela. El proceso es enteramente artesanal y es por eso que cada tapiz es único e irrepetible. El textil utilizado es la tela 'cabeza de toro', una lona cruda y pesada. Se recomienda lavar a mano para mantener los colores por más tiempo. ",
        "size": "48x37cm",
        "date": 2021,
        "destacado": true,
        "imageHome": "/img/textil/home/MASCARAS.jpg",
        "imageSumario": "/img/textil/sumario/MASCARAS.jpg",
        "images": ["/img/textil/ficha/MASCARAS.jpg"]
    }, 
    {
        "id": 30,
        "category": "textil",
        "name": "Tapiz Tulum",
        "description": "Tapiz estampado a 3 colores.",
        "info": "Cada tapiz esta estampado a mano mediante la técnica de grabado. Cada estampa proviene de un taco de madera o linóleo previamente tallado a mano. Este taco es luego entintado y pasado por una prensa de grabado que genera la presión suficiente para que se imprima la imagen sobre la tela. El proceso es enteramente artesanal y es por eso que cada tapiz es único e irrepetible. El textil utilizado es la tela 'cabeza de toro', una lona cruda y pesada. Se recomienda lavar a mano para mantener los colores por más tiempo. ",
        "size": "74x52cm",
        "date": 2021,
        "destacado": true,
        "imageHome": "/img/textil/home/TAPIZ_TULUM.jpg",
        "imageSumario": "/img/textil/sumario/TAPIZ_TULUM.jpg",
        "images": ["/img/textil/ficha/TULUM.jpg"]
    }, 
    {
        "id": 31,
        "category": "textil",
        "name": "Tapiz Zicatela",
        "description": "Tapiz estampado a 3 colores.",
        "info": "Cada tapiz esta estampado a mano mediante la técnica de grabado. Cada estampa proviene de un taco de madera o linóleo previamente tallado a mano. Este taco es luego entintado y pasado por una prensa de grabado que genera la presión suficiente para que se imprima la imagen sobre la tela. El proceso es enteramente artesanal y es por eso que cada tapiz es único e irrepetible. El textil utilizado es la tela 'cabeza de toro', una lona cruda y pesada. Se recomienda lavar a mano para mantener los colores por más tiempo. ",
        "size": "Medidas a convenir. Este patrón puede ser replicado a cualquier tamaño, así que podés decirnos vos cual es tu medida ideal.",
        "date": 2021,
        "destacado": true,
        "imageHome": "/img/textil/home/TAPIZ_ZICATELA.jpg",
        "imageSumario": "/img/textil/sumario/TAPIZ_ZICATELA.jpg",
        "images": ["/img/textil/ficha/ZICATELA.jpg", "/img/textil/ficha/ZICATELA2.jpg"]
    }, 
    {
        "id": 32,
        "category": "textil",
        "name": "Serie Bacalar: 2",
        "description": "Tapiz estampado a 3 colores.",
        "info": "Cada tapiz esta estampado a mano mediante la técnica de grabado. Cada estampa proviene de un taco de madera o linóleo previamente tallado a mano. Este taco es luego entintado y pasado por una prensa de grabado que genera la presión suficiente para que se imprima la imagen sobre la tela. El proceso es enteramente artesanal y es por eso que cada tapiz es único e irrepetible. El textil utilizado es la tela 'cabeza de toro', una lona cruda y pesada. Se recomienda lavar a mano para mantener los colores por más tiempo. ",
        "size": "50x35cm",
        "date": 2020,
        "destacado": false,
        "imageHome": "/img/textil/home/BACALAR2.jpg",
        "imageSumario": "/img/textil/sumario/BACALAR2.jpg",
        "images": ["/img/textil/ficha/BACALAR2.jpg", "/img/textil/ficha/BACALAR2.jpg"]
    }, 
    {
        "id": 33,
        "category": "textil",
        "name": "Serie Bacalar: 3",
        "description": "Tapiz estampado a 3 colores.",
        "info": "Cada tapiz esta estampado a mano mediante la técnica de grabado. Cada estampa proviene de un taco de madera o linóleo previamente tallado a mano. Este taco es luego entintado y pasado por una prensa de grabado que genera la presión suficiente para que se imprima la imagen sobre la tela. El proceso es enteramente artesanal y es por eso que cada tapiz es único e irrepetible. El textil utilizado es la tela 'cabeza de toro', una lona cruda y pesada. Se recomienda lavar a mano para mantener los colores por más tiempo. ",
        "size": "51x37cm",
        "date": 2021,
        "destacado": false,
        "imageHome": "/img/textil/home/BACALAR3.jpg",
        "imageSumario": "/img/textil/sumario/BACALAR3.jpg",
        "images": ["/img/textil/ficha/BACALAR3.jpg", "/img/textil/ficha/TAURO2.jpg"]
    }, 
    {
        "id": 34,
        "category": "textil",
        "name": "Serie Bacalar: 4",
        "description": "Tapiz estampado a 3 colores.",
        "info": "Cada tapiz esta estampado a mano mediante la técnica de grabado. Cada estampa proviene de un taco de madera o linóleo previamente tallado a mano. Este taco es luego entintado y pasado por una prensa de grabado que genera la presión suficiente para que se imprima la imagen sobre la tela. El proceso es enteramente artesanal y es por eso que cada tapiz es único e irrepetible. El textil utilizado es la tela 'cabeza de toro', una lona cruda y pesada. Se recomienda lavar a mano para mantener los colores por más tiempo. ",
        "size": "50x36cm",
        "date": 2021,
        "destacado": false,
        "imageHome": "/img/textil/home/BACALAR4.jpg",
        "imageSumario": "/img/textil/sumario/BACALAR4.jpg",
        "images": ["/img/textil/ficha/BACALAR4.jpg"]
    }, 
    {
        "id": 35,
        "category": "textil",
        "name": "Serie Bacalar: 5",
        "description": "Tapiz estampado a 3 colores.",
        "info": "Cada tapiz esta estampado a mano mediante la técnica de grabado. Cada estampa proviene de un taco de madera o linóleo previamente tallado a mano. Este taco es luego entintado y pasado por una prensa de grabado que genera la presión suficiente para que se imprima la imagen sobre la tela. El proceso es enteramente artesanal y es por eso que cada tapiz es único e irrepetible. El textil utilizado es la tela 'cabeza de toro', una lona cruda y pesada. Se recomienda lavar a mano para mantener los colores por más tiempo. ",
        "size": "49x37cm",
        "date": 2021,
        "destacado": false,
        "imageHome": "/img/textil/home/BACALAR5.jpg",
        "imageSumario": "/img/textil/sumario/BACALAR5.jpg",
        "images": ["/img/textil/ficha/BACALAR5.jpg"]
    },
    {
        "id": 36,
        "category": "textil",
        "name": "Serie Bacalar: 6",
        "description": "Tapiz estampado a 3 colores.",
        "info": "Cada tapiz esta estampado a mano mediante la técnica de grabado. Cada estampa proviene de un taco de madera o linóleo previamente tallado a mano. Este taco es luego entintado y pasado por una prensa de grabado que genera la presión suficiente para que se imprima la imagen sobre la tela. El proceso es enteramente artesanal y es por eso que cada tapiz es único e irrepetible. El textil utilizado es la tela 'cabeza de toro', una lona cruda y pesada. Se recomienda lavar a mano para mantener los colores por más tiempo. ",
        "size": "50x35cm",
        "date": 2021,
        "destacado": false,
        "imageHome": "/img/textil/home/BACALAR6.jpg",
        "imageSumario": "/img/textil/sumario/BACALAR6.jpg",
        "images": ["/img/textil/ficha/BACALAR6.jpg"]
    },
    {
        "id": 37,
        "category": "textil",
        "name": "Serie Mahahual: 2",
        "description": "Tapiz estampado a 3 colores.",
        "info": "Cada tapiz esta estampado a mano mediante la técnica de grabado. Cada estampa proviene de un taco de madera o linóleo previamente tallado a mano. Este taco es luego entintado y pasado por una prensa de grabado que genera la presión suficiente para que se imprima la imagen sobre la tela. El proceso es enteramente artesanal y es por eso que cada tapiz es único e irrepetible. El textil utilizado es la tela 'cabeza de toro', una lona cruda y pesada. Se recomienda lavar a mano para mantener los colores por más tiempo. ",
        "size": "48x41cm",
        "date": 2021,
        "destacado": false,
        "imageHome": "/img/textil/home/MAHAHUAL2.jpg",
        "imageSumario": "/img/textil/sumario/MAHAHUAL2.jpg",
        "images": ["/img/textil/ficha/MAHAHUAL2.jpg"]
    },
    {
        "id": 38,
        "category": "textil",
        "name": "Serie Mahahual: 3",
        "description": "Tapiz estampado a 3 colores.",
        "info": "Cada tapiz esta estampado a mano mediante la técnica de grabado. Cada estampa proviene de un taco de madera o linóleo previamente tallado a mano. Este taco es luego entintado y pasado por una prensa de grabado que genera la presión suficiente para que se imprima la imagen sobre la tela. El proceso es enteramente artesanal y es por eso que cada tapiz es único e irrepetible. El textil utilizado es la tela 'cabeza de toro', una lona cruda y pesada. Se recomienda lavar a mano para mantener los colores por más tiempo. ",
        "size": "48x41cm",
        "date": 2021,
        "destacado": false,
        "imageHome": "/img/textil/home/MAHAHUAL3.jpg",
        "imageSumario": "/img/textil/sumario/MAHAHUAL3.jpg",
        "images": ["/img/textil/ficha/MAHAHUAL3.jpg"]
    },
    {
        "id": 39,
        "category": "textil",
        "name": "Serie Mahahual: 4",
        "description": "Tapiz estampado a 3 colores.",
        "info": "Cada tapiz esta estampado a mano mediante la técnica de grabado. Cada estampa proviene de un taco de madera o linóleo previamente tallado a mano. Este taco es luego entintado y pasado por una prensa de grabado que genera la presión suficiente para que se imprima la imagen sobre la tela. El proceso es enteramente artesanal y es por eso que cada tapiz es único e irrepetible. El textil utilizado es la tela 'cabeza de toro', una lona cruda y pesada. Se recomienda lavar a mano para mantener los colores por más tiempo. ",
        "size": "48x41cm",
        "date": 2021,
        "destacado": false,
        "imageHome": "/img/textil/home/MAHAHUAL4.jpg",
        "imageSumario": "/img/textil/sumario/MAHAHUAL4.jpg",
        "images": ["/img/textil/ficha/MAHAHUAL4.jpg"]
    },
    {
        "id": 40,
        "category": "textil",
        "name": "Serie Mahahual: 5",
        "description": "Tapiz estampado a 3 colores.",
        "info": "Cada tapiz esta estampado a mano mediante la técnica de grabado. Cada estampa proviene de un taco de madera o linóleo previamente tallado a mano. Este taco es luego entintado y pasado por una prensa de grabado que genera la presión suficiente para que se imprima la imagen sobre la tela. El proceso es enteramente artesanal y es por eso que cada tapiz es único e irrepetible. El textil utilizado es la tela 'cabeza de toro', una lona cruda y pesada. Se recomienda lavar a mano para mantener los colores por más tiempo.",
        "size": "48x41cm",
        "date": 2021,
        "destacado": false,
        "imageHome": "/img/textil/home/MAHAHUAL5.jpg",
        "imageSumario": "/img/textil/sumario/MAHAHUAL5.jpg",
        "images": ["/img/textil/ficha/MAHAHUAL5.jpg"]
    },
    {
        "id": 41,
        "category": "papel",
        "name": "Pulpo",
        "description": "Grabado en linóleo.",
        "info": "Todas las obras son talladas, entintadas y estampadas a mano, haciendo que todo el proceso sea 100% artesanal. Es por eso que cada obra es única e irrepetible :) Si te interesa alguna estampa en otro formato, papel o color, no dudes en escribirme. ",
        "size": "Disponible en los siguientes tamaños: 35x50cm, 35x38.5cm y 38x52cm.",
        "date": 2018,
        "destacado": true,
        "imageHome": "/img/papel/home/PULPO.jpg",
        "imageSumario": "/img/papel/sumario/PULPO.jpg",
        "images": ["/img/papel/ficha/PULPO1.jpg"]
    },
    {
        "id": 42,
        "category": "papel",
        "name": "Máscaras del folclore latinoamericano",
        "description": "Grabado en linóleo.",
        "info": "Todas las obras son talladas, entintadas y estampadas a mano, haciendo que todo el proceso sea 100% artesanal. Es por eso que cada obra es única e irrepetible :) Si te interesa alguna estampa en otro formato, papel o color, no dudes en escribirme. ",
        "size": "Tamaño a convenir. Este patrón puede ser replicado a cualquier tamaño, así que podés decirnos vos cual es tu medida ideal.",
        "date": 2018,
        "destacado": true,
        "imageHome": "/img/papel/home/MASCARAS.jpg",
        "imageSumario": "/img/papel/sumario/MASCARAS.jpg",
        "images": ["/img/papel/ficha/MASCARAS1.jpg", "/img/papel/ficha/MASCARAS2.jpg", "/img/papel/ficha/MASCARAS3.jpg", "/img/papel/ficha/MASCARAS4.jpg"]
    },
    {
        "id": 43,
        "category": "papel",
        "name": "Catrina",
        "description": "Un collagraph que incluye 25 monedas centroamericanas y retazos de tela.",
        "info": "Todas las obras son talladas, entintadas y estampadas a mano, haciendo que todo el proceso sea 100% artesanal. Es por eso que cada obra es única e irrepetible :) Si te interesa alguna estampa en otro formato, papel o color, no dudes en escribirme. ",
        "size": "Consultar tamaños disponibles.",
        "date": 2018,
        "destacado": true,
        "imageHome": "/img/papel/home/CATRINA.jpg",
        "imageSumario": "/img/papel/sumario/CATRINA.jpg",
        "images": ["/img/papel/ficha/CATRINA1.jpg", "/img/papel/ficha/CATRINA2.jpg", "/img/papel/ficha/CATRINA3.jpg"]
    },
    {
        "id": 44,
        "category": "papel",
        "name": "EZLN",
        "description": "Grabado en linóleo.",
        "info": "Todas las obras son talladas, entintadas y estampadas a mano, haciendo que todo el proceso sea 100% artesanal. Es por eso que cada obra es única e irrepetible :) Si te interesa alguna estampa en otro formato, papel o color, no dudes en escribirme. ",
        "size": "35x50cm",
        "date": 2019,
        "destacado": false,
        "imageHome": "/img/papel/home/EZLN.jpg",
        "imageSumario": "/img/papel/sumario/EZLN.jpg",
        "images": ["/img/papel/ficha/EZLN.jpg"]
    },
    {
        "id": 45,
        "category": "papel",
        "name": "Serie Registros de extinción: Balam, el jaguar negro",
        "description": "Xilografía.",
        "info": "Todas las obras son talladas, entintadas y estampadas a mano, haciendo que todo el proceso sea 100% artesanal. Es por eso que cada obra es única e irrepetible :) Si te interesa alguna estampa en otro formato, papel o color, no dudes en escribirme. ",
        "size": "Disponible en los siguientes tamaños: 25x35cm, 35x49,5cm, 27x37cm, 40x50cm y 31x40cm.",
        "date": 2017,
        "destacado": true,
        "imageHome": "/img/papel/home/BALAM.jpg",
        "imageSumario": "/img/papel/sumario/BALAM.jpg",
        "images": ["/img/papel/ficha/BALAM1.jpg", "/img/papel/ficha/BALAM2.jpg", "/img/papel/ficha/BALAM3.jpg"]
    },
    {
        "id": 46,
        "category": "papel",
        "name": "La Ola",
        "description": "Grabado en linóleo. Estampa inspirada en La Gran Ola de de Kanagawa, del maestro Katsushika Hokusai.",
        "info": "Todas las obras son talladas, entintadas y estampadas a mano, haciendo que todo el proceso sea 100% artesanal. Es por eso que cada obra es única e irrepetible :) Si te interesa alguna estampa en otro formato, papel o color, no dudes en escribirme. ",
        "size": "Disponible en los siguientes tamaños: 28x40cm y 31x39cm.",
        "date": 2018,
        "destacado": false,
        "imageHome": "/img/papel/home/LAOLA.jpg",
        "imageSumario": "/img/papel/sumario/LAOLA.jpg",
        "images": ["/img/papel/ficha/LAOLA.jpg"]
    },
    {
        "id": 47,
        "category": "papel",
        "name": "Serie Registros de extinción: Zorro Rojo",
        "description": "Grabado en linóleo. Estampa doble en papel de grabado y papel vegetal.",
        "info": "Todas las obras son talladas, entintadas y estampadas a mano, haciendo que todo el proceso sea 100% artesanal. Es por eso que cada obra es única e irrepetible :) Si te interesa alguna estampa en otro formato, papel o color, no dudes en escribirme. ",
        "size": "30x30cm",
        "date": 2018,
        "destacado": true,
        "imageHome": "/img/papel/home/ZORRO.jpg",
        "imageSumario": "/img/papel/sumario/ZORRO.jpg",
        "images": ["/img/papel/ficha/ZORRO1.jpg", "/img/papel/ficha/ZORRO2.jpg", "/img/papel/ficha/ZORRO3.jpg"]
    },
    {
        "id": 48,
        "category": "papel",
        "name": "Acatenango",
        "description": "Xilografía a dos colores. Estampa inspirada en el volcán Acatenango, de Antigua Guatemala.",
        "info": "Todas las obras son talladas, entintadas y estampadas a mano, haciendo que todo el proceso sea 100% artesanal. Es por eso que cada obra es única e irrepetible :) Si te interesa alguna estampa en otro formato, papel o color, no dudes en escribirme. ",
        "size": "Disponible en los siguientes tamaños: 32,5x36.5cm, 35x50cm y 37.5x55,5cm",
        "date": 2019,
        "destacado": true,
        "imageHome": "/img/papel/home/ACATENANGO.jpg",
        "imageSumario": "/img/papel/sumario/ACATENANGO.jpg",
        "images": ["/img/papel/ficha/ACATENANGO1.jpg", "/img/papel/ficha/ACATENANGO2.jpg", "/img/papel/ficha/ACATENANGO3.jpg"]
    },
    {
        "id": 49,
        "category": "papel",
        "name": "Aguizotes",
        "description": "Grabado en metal. Estampa inspirada en la fiesta de los Agüizotes de Masaya, Nicaragua.",
        "info": "Todas las obras son talladas, entintadas y estampadas a mano, haciendo que todo el proceso sea 100% artesanal. Es por eso que cada obra es única e irrepetible :) Si te interesa alguna estampa en otro formato, papel o color, no dudes en escribirme. ",
        "size": "60x40cm",
        "date": 2019,
        "destacado": false,
        "imageHome": "/img/papel/home/AGUIZOTES.jpg",
        "imageSumario": "/img/papel/sumario/AGUIZOTES.jpg",
        "images": ["/img/papel/ficha/AGUIZOTES1.jpg", "/img/papel/ficha/AGUIZOTES2.jpg", "/img/papel/ficha/AGUIZOTES3.jpg", "/img/papel/ficha/AGUIZOTES4.jpg"]
    },
    {
        "id": 50,
        "category": "papel",
        "name": "Neko",
        "description": "Puntaseca.",
        "info": "Todas las obras son talladas, entintadas y estampadas a mano, haciendo que todo el proceso sea 100% artesanal. Es por eso que cada obra es única e irrepetible :) Si te interesa alguna estampa en otro formato, papel o color, no dudes en escribirme. ",
        "size": "Consultar tamaños.",
        "date": 2019,
        "destacado": false,
        "imageHome": "/img/papel/home/NEKO.jpg",
        "imageSumario": "/img/papel/sumario/NEKO.jpg",
        "images": ["/img/papel/ficha/NEKO.jpg"]
    },
    {
        "id": 51,
        "category": "papel",
        "name": "Akane",
        "description": "Grabado en linóleo a tres colores.",
        "info": "Todas las obras son talladas, entintadas y estampadas a mano, haciendo que todo el proceso sea 100% artesanal. Es por eso que cada obra es única e irrepetible :) Si te interesa alguna estampa en otro formato, papel o color, no dudes en escribirme. ",
        "size": "20x25cm",
        "date": 2020,
        "destacado": false,
        "imageHome": "/img/papel/home/AKANE.jpg",
        "imageSumario": "/img/papel/sumario/AKANE.jpg",
        "images": ["/img/papel/ficha/AKANE1.jpg", "/img/papel/ficha/AKANE2.jpg"]
    },
    {
        "id": 52,
        "category": "papel",
        "name": "Flora",
        "description": "Grabado en linóleo a tres colores. Expuesto en 'Relatos desde la matriz' en el Centro Cultural Jose Marti, Mérida, México. Año 2020.",
        "info": "Todas las obras son talladas, entintadas y estampadas a mano, haciendo que todo el proceso sea 100% artesanal. Es por eso que cada obra es única e irrepetible :) Si te interesa alguna estampa en otro formato, papel o color, no dudes en escribirme. ",
        "size": "20x25cm",
        "date": 2020,
        "destacado": false,
        "imageHome": "/img/papel/home/FLORA.jpg",
        "imageSumario": "/img/papel/sumario/FLORA.jpg",
        "images": ["/img/papel/ficha/FLORA1.jpg", "/img/papel/ficha/FLORA2.jpg", "/img/papel/ficha/FLORA3.jpg", "/img/papel/ficha/FLORA4.jpg"]
    },
    {
        "id": 53,
        "category": "papel",
        "name": "Cenote Noh Mozon",
        "description": "Grabado en cobre a dos colores. Inspirado en el cenote yucateco Noh Mozon.",
        "info": "Todas las obras son talladas, entintadas y estampadas a mano, haciendo que todo el proceso sea 100% artesanal. Es por eso que cada obra es única e irrepetible :) Si te interesa alguna estampa en otro formato, papel o color, no dudes en escribirme. ",
        "size": "30x29cm",
        "date": 2020,
        "destacado": false,
        "imageHome": "/img/papel/home/NOHMOZON.jpg",
        "imageSumario": "/img/papel/sumario/NOHMOZON.jpg",
        "images": ["/img/papel/ficha/NOHMOZON1.jpg", "/img/papel/ficha/NOHMOZON2.jpg"]
    },
    {
        "id": 54,
        "category": "papel",
        "name": "A dónde vas, cholita?",
        "description": "Grabado en linóleo.",
        "info": "Todas las obras son talladas, entintadas y estampadas a mano, haciendo que todo el proceso sea 100% artesanal. Es por eso que cada obra es única e irrepetible :) Si te interesa alguna estampa en otro formato, papel o color, no dudes en escribirme. ",
        "size": "20x20cm",
        "date": 2018,
        "destacado": false,
        "imageHome": "/img/papel/home/CHOLITA.jpg",
        "imageSumario": "/img/papel/sumario/CHOLITA.jpg",
        "images": ["/img/papel/ficha/CHOLITA1.jpg"]
    }
]